{
  "EMAIL": {
    "precision": 1.0,
    "recall": 0.9444444444444444,
    "f1-score": 0.9714285714285714,
    "support": 18
  },
  "PERSON": {
    "precision": 1.0,
    "recall": 1.0,
    "f1-score": 1.0,
    "support": 21
  },
  "TELEPHONE": {
    "precision": 1.0,
    "recall": 1.0,
    "f1-score": 1.0,
    "support": 18
  },
  "ID": {
    "precision": 1.0,
    "recall": 1.0,
    "f1-score": 1.0,
    "support": 20
  },
  "ADDRESS": {
    "precision": 1.0,
    "recall": 1.0,
    "f1-score": 1.0,
    "support": 40
  },
  "DAY_MONTH": {
    "precision": 1.0,
    "recall": 1.0,
    "f1-score": 1.0,
    "support": 26
  },
  "DATE": {
    "precision": 1.0,
    "recall": 1.0,
    "f1-score": 1.0,
    "support": 9
  },
  "micro avg": {
    "precision": 1.0,
    "recall": 0.993421052631579,
    "f1-score": 0.9966996699669968,
    "support": 152
  },
  "macro avg": {
    "precision": 1.0,
    "recall": 0.9920634920634921,
    "f1-score": 0.9959183673469388,
    "support": 152
  },
  "weighted avg": {
    "precision": 1.0,
    "recall": 0.993421052631579,
    "f1-score": 0.9966165413533833,
    "support": 152
  }
}