{
  "PERSON": {
    "precision": 1.0,
    "recall": 1.0,
    "f1-score": 1.0,
    "support": 21
  },
  "TELEPHONE": {
    "precision": 1.0,
    "recall": 1.0,
    "f1-score": 1.0,
    "support": 18
  },
  "OTP": {
    "precision": 1.0,
    "recall": 1.0,
    "f1-score": 1.0,
    "support": 5
  },
  "ID": {
    "precision": 1.0,
    "recall": 1.0,
    "f1-score": 1.0,
    "support": 20
  },
  "DAY_MONTH": {
    "precision": 1.0,
    "recall": 1.0,
    "f1-score": 1.0,
    "support": 26
  },
  "EMAIL": {
    "precision": 1.0,
    "recall": 0.9444444444444444,
    "f1-score": 0.9714285714285714,
    "support": 18
  },
  "DATE": {
    "precision": 1.0,
    "recall": 1.0,
    "f1-score": 1.0,
    "support": 9
  },
  "ADDRESS": {
    "precision": 1.0,
    "recall": 1.0,
    "f1-score": 1.0,
    "support": 40
  },
  "micro avg": {
    "precision": 1.0,
    "recall": 0.9936305732484076,
    "f1-score": 0.9968051118210862,
    "support": 157
  },
  "macro avg": {
    "precision": 1.0,
    "recall": 0.9930555555555556,
    "f1-score": 0.9964285714285714,
    "support": 157
  },
  "weighted avg": {
    "precision": 1.0,
    "recall": 0.9936305732484076,
    "f1-score": 0.9967242948134667,
    "support": 157
  }
}