{
  "DATE": {
    "precision": 1.0,
    "recall": 1.0,
    "f1-score": 1.0,
    "support": 9
  },
  "ADDRESS": {
    "precision": 1.0,
    "recall": 1.0,
    "f1-score": 1.0,
    "support": 55
  },
  "PERSON": {
    "precision": 1.0,
    "recall": 1.0,
    "f1-score": 1.0,
    "support": 22
  },
  "TELEPHONE": {
    "precision": 1.0,
    "recall": 1.0,
    "f1-score": 1.0,
    "support": 18
  },
  "ID": {
    "precision": 1.0,
    "recall": 1.0,
    "f1-score": 1.0,
    "support": 20
  },
  "DAY_MONTH": {
    "precision": 1.0,
    "recall": 1.0,
    "f1-score": 1.0,
    "support": 26
  },
  "EMAIL": {
    "precision": 1.0,
    "recall": 0.9444444444444444,
    "f1-score": 0.9714285714285714,
    "support": 18
  },
  "OTP": {
    "precision": 1.0,
    "recall": 1.0,
    "f1-score": 1.0,
    "support": 11
  },
  "micro avg": {
    "precision": 1.0,
    "recall": 0.994413407821229,
    "f1-score": 0.9971988795518207,
    "support": 179
  },
  "macro avg": {
    "precision": 1.0,
    "recall": 0.9930555555555556,
    "f1-score": 0.9964285714285714,
    "support": 179
  },
  "weighted avg": {
    "precision": 1.0,
    "recall": 0.994413407821229,
    "f1-score": 0.9971268954509177,
    "support": 179
  }
}